Stiffness,0
Time,Angle
0.012276411056518555,-0.0439453125
0.024803638458251953,-0.10986328125
0.03730440139770508,-0.0439453125
0.049810171127319336,-0.06591796875
0.06234431266784668,-0.10986328125
0.07483291625976562,-0.06591796875
0.08732128143310547,-0.1318359375
0.09982490539550781,-0.1318359375
0.11209416389465332,-0.10986328125
0.12430834770202637,-0.087890625
0.1365070343017578,-0.087890625
0.14870858192443848,-0.06591796875
0.16090822219848633,-0.10986328125
0.17310881614685059,-0.087890625
0.18530559539794922,-0.087890625
0.19750213623046875,-0.10986328125
0.20994973182678223,-0.06591796875
0.22244024276733398,-0.087890625
0.23491692543029785,-0.06591796875
0.2473926544189453,-0.10986328125
0.2598717212677002,-0.06591796875
0.27234673500061035,-0.06591796875
0.2848188877105713,-0.06591796875
0.29729509353637695,-0.087890625
0.30977582931518555,-0.087890625
0.32225942611694336,-0.0439453125
0.33473825454711914,-0.087890625
0.3472135066986084,-0.10986328125
0.35969042778015137,-0.02197265625
0.3721652030944824,-0.06591796875
0.3846402168273926,-0.087890625
0.39711904525756836,-0.02197265625
0.40959715843200684,-0.06591796875
0.422076940536499,-0.15380859375
0.43455004692077637,-0.087890625
0.4470252990722656,-0.0439453125
0.4595010280609131,-0.087890625
0.47197413444519043,-0.06591796875
0.4844505786895752,-0.06591796875
0.49692368507385254,-0.10986328125
0.5093996524810791,-0.087890625
0.5218772888183594,-0.06591796875
0.5343496799468994,-0.06591796875
0.5468251705169678,-0.10986328125
0.559300422668457,-0.06591796875
0.5717730522155762,-0.10986328125
0.5842444896697998,-0.087890625
0.5967159271240234,-0.087890625
0.6091887950897217,-0.10986328125
0.6216645240783691,-0.087890625
0.6341371536254883,-0.087890625
0.6466102600097656,-0.06591796875
0.6590836048126221,-0.06591796875
0.6715548038482666,-0.02197265625
0.6840264797210693,-0.1318359375
0.6964983940124512,-0.087890625
0.7089731693267822,0.0
0.7214434146881104,-0.06591796875
0.7339129447937012,-0.087890625
0.746382474899292,-0.10986328125
0.7588551044464111,-0.087890625
0.771331787109375,-0.087890625
0.7838048934936523,-0.087890625
0.7962765693664551,-0.0439453125
0.8087503910064697,-0.06591796875
0.8212282657623291,-0.087890625
0.8337047100067139,-0.1318359375
0.846217155456543,-0.087890625
0.8587343692779541,-0.10986328125
0.8712277412414551,-0.06591796875
0.8837072849273682,-0.1318359375
0.896186351776123,-0.02197265625
0.9086661338806152,-0.087890625
0.9211466312408447,-0.06591796875
0.9336202144622803,-0.06591796875
0.9460947513580322,-0.06591796875
0.9586043357849121,-0.06591796875
0.9710774421691895,-0.087890625
0.9835512638092041,-0.087890625
0.9960222244262695,-0.10986328125
1.008498191833496,-0.0439453125
1.021010398864746,-0.10986328125
1.0334858894348145,-0.06591796875
1.0459609031677246,-0.1318359375
1.0584330558776855,-0.087890625
1.0709547996520996,-0.0439453125
1.0834295749664307,-0.0439453125
1.0958991050720215,-0.0439453125
1.1083712577819824,-0.087890625
1.1208820343017578,-0.087890625
1.1333534717559814,-0.06591796875
1.1458284854888916,-0.087890625
1.1582987308502197,-0.06591796875
1.1708135604858398,-0.06591796875
1.1832873821258545,-0.0439453125
1.1957573890686035,-0.0439453125
1.2082264423370361,-0.087890625
1.22072434425354,-0.06591796875
1.2331948280334473,-0.06591796875
1.2456676959991455,-0.0439453125
1.25813627243042,-0.06591796875
1.270611047744751,-0.06591796875
1.2830822467803955,-0.10986328125
1.2955515384674072,-0.15380859375
1.3080236911773682,-0.10986328125
1.3204987049102783,-0.02197265625
1.3329741954803467,-0.1318359375
1.3454465866088867,-0.0439453125
1.3579161167144775,-0.10986328125
1.370389699935913,-0.06591796875
1.3828604221343994,-0.15380859375
1.3953301906585693,-0.06591796875
1.4078009128570557,-0.087890625
1.4202876091003418,-0.0439453125
1.4327633380889893,-0.087890625
1.4452333450317383,-0.10986328125
1.4577045440673828,-0.06591796875
1.4701805114746094,-0.06591796875
1.4826509952545166,-0.10986328125
1.495119571685791,-0.087890625
1.5075891017913818,-0.06591796875
1.520066261291504,-0.0439453125
1.5325374603271484,-0.0439453125
1.545072078704834,-0.10986328125
1.5575485229492188,-0.087890625
1.5700221061706543,-0.0439453125
1.5824973583221436,-0.06591796875
1.5949702262878418,-0.06591796875
1.6074731349945068,-0.087890625
1.6199486255645752,-0.0439453125
1.632420539855957,-0.1318359375
1.6448943614959717,-0.10986328125
1.65736722946167,-0.087890625
1.66983962059021,-0.06591796875
1.682311773300171,-0.10986328125
1.694782018661499,-0.10986328125
1.7072837352752686,-0.0439453125
1.7197601795196533,-0.087890625
1.7322330474853516,-0.06591796875
1.7447028160095215,-0.06591796875
1.7571732997894287,-0.06591796875
1.769665002822876,-0.0439453125
1.782135009765625,-0.1318359375
1.7946043014526367,-0.06591796875
1.807105302810669,-0.087890625
1.8195834159851074,-0.087890625
1.8320538997650146,-0.02197265625
1.8445274829864502,-0.0439453125
1.856999158859253,-0.10986328125
1.8694756031036377,-0.06591796875
1.8819491863250732,-0.0439453125
1.8944189548492432,-0.06591796875
1.9068939685821533,-0.06591796875
1.9193789958953857,-0.087890625
1.931856393814087,-0.0439453125
1.9443261623382568,-0.087890625
1.956796646118164,-0.06591796875
1.9692716598510742,-0.087890625
1.9817430973052979,-0.06591796875
1.994215726852417,-0.087890625
2.0066871643066406,-0.087890625
2.019157886505127,-0.0439453125
2.031630039215088,-0.10986328125
2.0441031455993652,-0.087890625
2.056572198867798,-0.06591796875
2.06904673576355,-0.06591796875
2.081517457962036,-0.06591796875
2.0939884185791016,-0.087890625
2.1064581871032715,-0.15380859375
2.1189310550689697,-0.06591796875
2.1314029693603516,-0.087890625
2.14387583732605,-0.06591796875
2.1563453674316406,-0.06591796875
2.1688179969787598,-0.02197265625
2.1812925338745117,-0.06591796875
2.1937625408172607,-0.1318359375
2.206235408782959,-0.10986328125
2.2187092304229736,-0.1318359375
2.2311832904815674,-0.10986328125
2.2436578273773193,-0.087890625
2.2561280727386475,-0.06591796875
2.268599033355713,-0.1318359375
2.2810723781585693,-0.10986328125
2.29354190826416,-0.06591796875
2.3060131072998047,-0.0439453125
2.318479061126709,-0.1318359375
2.3309996128082275,-0.02197265625
2.3434722423553467,-0.087890625
2.355942964553833,-0.17578125
2.368414878845215,-0.1318359375
2.3809285163879395,-0.10986328125
2.393402338027954,-0.06591796875
2.4058852195739746,-0.087890625
2.418358325958252,-0.0439453125
2.430877208709717,-0.06591796875
2.443347692489624,-0.06591796875
2.455819845199585,-0.1318359375
2.4682939052581787,-0.0439453125
2.4808719158172607,-0.06591796875
2.493346929550171,-0.0439453125
2.5058207511901855,-0.1318359375
2.5182979106903076,-0.087890625
2.530817747116089,-0.0439453125
2.5432910919189453,-0.10986328125
2.5557661056518555,-0.0439453125
2.5682380199432373,-0.087890625
2.580735206604004,-0.10986328125
2.593205690383911,-0.087890625
2.605674982070923,-0.087890625
2.618145227432251,-0.0439453125
2.6306214332580566,-0.087890625
2.6430952548980713,-0.087890625
2.655564546585083,-0.06591796875
2.6680362224578857,-0.0439453125
2.6805100440979004,-0.10986328125
2.6929831504821777,-0.10986328125
2.7054553031921387,-0.06591796875
2.7179274559020996,-0.06591796875
2.7304041385650635,-0.06591796875
2.7428784370422363,-0.087890625
2.7553482055664062,-0.10986328125
2.767831563949585,-0.0439453125
2.780353546142578,-0.087890625
2.7928390502929688,-0.087890625
2.8053159713745117,-0.0439453125
2.8177990913391113,-0.087890625
2.8302836418151855,-0.06591796875
2.842792272567749,-0.087890625
2.8552751541137695,-0.10986328125
2.8677539825439453,-0.06591796875
2.880232810974121,-0.087890625
2.8927078247070312,-0.06591796875
2.9051826000213623,-0.0439453125
2.917656898498535,-0.087890625
2.9301371574401855,-0.06591796875
2.9426188468933105,-0.06591796875
2.9551031589508057,-0.06591796875
2.9675793647766113,-0.087890625
2.980055570602417,-0.1318359375
2.9925341606140137,-0.10986328125
3.0050127506256104,-0.087890625
3.0174872875213623,-0.02197265625
3.0299692153930664,-0.06591796875
3.0424463748931885,-0.1318359375
3.0549187660217285,-0.06591796875
3.067394256591797,-0.10986328125
3.0798685550689697,-0.02197265625
3.092344045639038,-0.1318359375
3.104876756668091,-0.10986328125
3.11735200881958,-0.06591796875
3.1298325061798096,-0.087890625
3.142305850982666,-0.087890625
3.1547751426696777,-0.02197265625
3.1672496795654297,-0.087890625
3.179720640182495,-0.1318359375
3.1921956539154053,-0.087890625
3.20466685295105,-0.0439453125
3.217137336730957,-0.10986328125
3.229710340499878,-0.06591796875
3.242185592651367,-0.0439453125
3.2546560764312744,-0.0439453125
3.2671289443969727,-0.087890625
3.2796285152435303,-0.0439453125
3.292144536972046,-0.087890625
3.3047590255737305,-0.087890625
3.3170089721679688,-0.10986328125
3.329235553741455,-0.06591796875
3.3414483070373535,-0.06591796875
3.353644609451294,-0.10986328125
3.3658392429351807,-0.087890625
3.378034830093384,-0.087890625
3.390231132507324,-0.06591796875
3.402423858642578,-0.0439453125
3.4148685932159424,-0.06591796875
3.427366018295288,-0.06591796875
3.439846992492676,-0.15380859375
3.452321767807007,-0.1318359375
3.464792251586914,-0.10986328125
3.4772634506225586,-0.10986328125
3.4897377490997314,-0.10986328125
3.5022144317626953,-0.087890625
3.5146989822387695,-0.06591796875
3.527176856994629,-0.087890625
3.5396761894226074,-0.10986328125
3.552149534225464,-0.1318359375
3.5646228790283203,-0.087890625
3.5770907402038574,-0.06591796875
3.589564561843872,-0.06591796875
3.602036714553833,-0.087890625
3.6145081520080566,-0.06591796875
3.626983165740967,-0.06591796875
3.6394565105438232,-0.06591796875
3.6519291400909424,-0.06591796875
3.664401054382324,-0.06591796875
3.676870107650757,-0.10986328125
3.689343214035034,-0.10986328125
3.701815366744995,-0.02197265625
3.7142879962921143,-0.0439453125
3.726760149002075,-0.1318359375
3.7392325401306152,-0.10986328125
3.751704692840576,-0.087890625
3.7641749382019043,-0.087890625
3.7766432762145996,-0.10986328125
3.7891218662261963,-0.10986328125
3.8016204833984375,-0.02197265625
3.8140971660614014,-0.10986328125
3.8265774250030518,-0.10986328125
3.83905291557312,-0.087890625
3.8515233993530273,-0.087890625
3.863997220993042,-0.02197265625
3.876469135284424,-0.06591796875
3.888944149017334,-0.10986328125
3.901416778564453,-0.10986328125
3.913888692855835,-0.06591796875
3.9263670444488525,-0.06591796875
3.9388413429260254,-0.06591796875
3.9513134956359863,-0.087890625
3.96378493309021,-0.02197265625
3.9762537479400635,-0.10986328125
3.9887306690216064,-0.06591796875
4.001216888427734,-0.087890625
4.013690233230591,-0.087890625
4.02616548538208,-0.087890625
4.038638353347778,-0.06591796875
4.051109790802002,-0.087890625
4.0635826587677,-0.06591796875
4.076057195663452,-0.10986328125
4.088571786880493,-0.0439453125
4.101107358932495,-0.06591796875
4.113582134246826,-0.0439453125
4.126056909561157,-0.06591796875
4.138567686080933,-0.06591796875
4.151041030883789,-0.06591796875
4.163512468338013,-0.06591796875
4.175981044769287,-0.087890625
4.18845272064209,-0.087890625
4.201030254364014,-0.1318359375
4.213503360748291,-0.10986328125
4.225980758666992,-0.10986328125
4.238452672958374,-0.06591796875
4.250973224639893,-0.087890625
4.263445138931274,-0.06591796875
4.275913238525391,-0.0439453125
4.288386344909668,-0.087890625
4.300944566726685,-0.087890625
4.313417434692383,-0.10986328125
4.325894594192505,-0.02197265625
4.338364362716675,-0.087890625
4.350878000259399,-0.06591796875
4.3633527755737305,-0.1318359375
4.375823736190796,-0.06591796875
4.388293981552124,-0.10986328125
4.400865793228149,-0.06591796875
4.41333794593811,-0.087890625
4.425813436508179,-0.087890625
4.438282251358032,-0.087890625
4.450780630111694,-0.1318359375
4.463252782821655,-0.0439453125
4.4757304191589355,-0.02197265625
4.4882049560546875,-0.10986328125
4.500714063644409,-0.02197265625
4.513186931610107,-0.087890625
4.5256640911102295,-0.087890625
4.5381340980529785,-0.10986328125
4.550612449645996,-0.1318359375
4.563096761703491,-0.15380859375
4.575567722320557,-0.087890625
4.588041305541992,-0.10986328125
4.600518226623535,-0.087890625
4.612992525100708,-0.10986328125
4.625467777252197,-0.1318359375
4.637937307357788,-0.02197265625
4.650411128997803,-0.1318359375
4.662884712219238,-0.10986328125
4.67539644241333,-0.1318359375
4.687872886657715,-0.10986328125
4.700347423553467,-0.17578125
4.71282172203064,-0.24169921875
4.7252960205078125,-0.24169921875
4.737767934799194,-0.3076171875
4.7502429485321045,-0.32958984375
4.762717008590698,-1.73583984375
4.775187253952026,0.966796875
4.787659406661987,-1.8017578125
4.80013108253479,-0.46142578125
4.812606334686279,-0.4833984375
4.8250885009765625,-0.4833984375
4.837599515914917,-0.54931640625
4.8501136302948,-0.615234375
4.862597942352295,-0.68115234375
4.875072717666626,-0.72509765625
4.88755202293396,-0.76904296875
4.900029420852661,-0.76904296875
4.912508010864258,-0.81298828125
4.924988269805908,-0.7470703125
4.937461853027344,-0.8349609375
4.949937105178833,-0.90087890625
4.962411403656006,-0.9228515625
4.9748828411102295,-0.966796875
4.987355947494507,-0.98876953125
4.999833822250366,-0.98876953125
5.012337923049927,-1.12060546875
5.0248963832855225,-1.12060546875
5.0373876094818115,-1.0986328125
5.049875974655151,-1.20849609375
5.062357425689697,-1.25244140625
5.074829816818237,-1.23046875
5.087302923202515,-1.2744140625
5.099776983261108,-1.318359375
5.112280607223511,-1.38427734375
5.124759674072266,-1.40625
5.1372292041778564,-1.47216796875
5.149725437164307,-1.494140625
5.162201404571533,-1.494140625
5.174671411514282,-1.56005859375
5.187144041061401,-1.51611328125
5.1996636390686035,-1.58203125
5.212170362472534,-1.6259765625
5.224645614624023,-1.669921875
5.237115383148193,-1.7138671875
5.249587297439575,-1.73583984375
5.262059211730957,-1.8017578125
5.2745280265808105,-1.82373046875
5.286998748779297,-3.2080078125
5.299469709396362,-1.86767578125
5.311969757080078,-1.91162109375
5.324446201324463,-1.95556640625
5.336914539337158,-1.99951171875
5.349384307861328,-2.04345703125
5.361857891082764,-1.99951171875
5.374324083328247,-2.04345703125
5.386793375015259,-2.17529296875
5.39926552772522,-2.109375
5.41173243522644,-2.197265625
5.42419958114624,-2.197265625
5.436671495437622,-2.2412109375
5.449147462844849,-2.3291015625
5.461620330810547,-2.35107421875
5.474087715148926,-2.373046875
5.4865562915802,-2.39501953125
5.499026298522949,-2.43896484375
5.511501312255859,-2.52685546875
5.523970127105713,-2.548828125
5.53644061088562,-2.5927734375
5.548912525177002,-2.63671875
5.561378717422485,-2.65869140625
5.573845148086548,-2.61474609375
5.586316108703613,-2.6806640625
5.598789930343628,-2.6806640625
5.611257314682007,-2.7685546875
5.6237287521362305,-2.8125
5.636199951171875,-2.8125
5.648666858673096,-2.92236328125
5.661133766174316,-2.92236328125
5.673602819442749,-2.92236328125
5.686075925827026,-3.01025390625
5.698583126068115,-3.01025390625
5.7110512256622314,-3.076171875
5.723517894744873,-3.14208984375
5.735989093780518,-3.1640625
5.748455762863159,-3.14208984375
5.761029481887817,-3.2080078125
5.773496866226196,-4.6142578125
5.785965919494629,-3.251953125
5.798433542251587,-3.27392578125
5.8109495639801025,-3.36181640625
5.823420286178589,-3.36181640625
5.835894584655762,-3.3837890625
5.848365545272827,-3.44970703125
5.860935926437378,-3.44970703125
5.873405456542969,-3.4716796875
5.885873794555664,-3.49365234375
5.8983399868011475,-3.5595703125
5.910850286483765,-3.6474609375
5.923317909240723,-3.66943359375
5.935788154602051,-3.75732421875
5.948255300521851,-3.7353515625
5.960734844207764,-3.75732421875
5.973201274871826,-3.75732421875
5.985668420791626,-3.8232421875
5.998132944107056,-3.9111328125
6.010601997375488,-3.8671875
6.023066997528076,-3.93310546875
6.035536050796509,-3.9990234375
6.0480053424835205,-4.02099609375
6.06047797203064,-4.04296875
6.072958469390869,-4.06494140625
6.0854315757751465,-4.130859375
6.097901105880737,-4.15283203125
6.1103739738464355,-4.1748046875
6.122843027114868,-4.19677734375
6.135314464569092,-4.24072265625
6.147782802581787,-4.28466796875
6.160251617431641,-4.306640625
6.172720432281494,-4.32861328125
6.185189962387085,-4.37255859375
6.197656869888306,-4.4384765625
6.21012806892395,-4.482421875
6.222598075866699,-4.4384765625
6.235066890716553,-4.482421875
6.247536897659302,-4.5263671875
6.260064601898193,-5.99853515625
6.2725372314453125,-3.27392578125
6.285010099411011,-6.0205078125
6.297479867935181,-4.68017578125
6.309951305389404,-4.72412109375
6.322421312332153,-4.7900390625
6.334893465042114,-4.7900390625
6.347363471984863,-4.833984375
6.359833478927612,-4.85595703125
6.372304201126099,-4.921875
6.384772062301636,-4.9658203125
6.397238492965698,-4.98779296875
6.409726619720459,-5.03173828125
6.422199010848999,-5.09765625
6.434670448303223,-5.11962890625
6.447139263153076,-5.11962890625
6.459646940231323,-5.20751953125
6.472115755081177,-5.2294921875
6.4845826625823975,-5.2294921875
6.497048616409302,-5.2734375
6.509520530700684,-5.29541015625
6.5219902992248535,-5.29541015625
6.534458637237549,-5.29541015625
6.546928644180298,-5.4052734375
6.559409141540527,-5.44921875
6.5718772411346436,-5.44921875
6.584345579147339,-5.4931640625
6.596811771392822,-5.5810546875
6.60928201675415,-5.60302734375
6.621753454208374,-5.60302734375
6.634227752685547,-5.6689453125
6.6466965675354,-5.712890625
6.659164905548096,-5.712890625
6.671630382537842,-5.712890625
6.684102773666382,-5.77880859375
6.69657301902771,-5.82275390625
6.709043741226196,-5.82275390625
6.721513032913208,-5.9326171875
6.73398232460022,-5.9326171875
6.746452331542969,-5.95458984375
6.75892186164856,-7.3828125
6.771387338638306,-6.064453125
6.783857345581055,-6.064453125
6.796322584152222,-6.1962890625
6.808795690536499,-6.13037109375
6.821264982223511,-6.1962890625
6.83373498916626,-6.1962890625
6.8462114334106445,-6.2841796875
6.85871696472168,-6.30615234375
6.87119460105896,-6.30615234375
6.883669137954712,-6.3720703125
6.896140813827515,-6.39404296875
6.908657550811768,-6.48193359375
6.92112922668457,-6.43798828125
6.93360447883606,-6.52587890625
6.9460766315460205,-6.56982421875
6.9585862159729,-6.56982421875
6.971059560775757,-6.591796875
6.983530521392822,-6.65771484375
6.995999336242676,-6.6357421875
7.008471965789795,-6.70166015625
7.021049976348877,-6.74560546875
7.03352165222168,-6.8115234375
7.045993089675903,-6.83349609375
7.058461666107178,-6.8115234375
7.070978164672852,-6.78955078125
7.08345103263855,-6.943359375
7.095918655395508,-6.92138671875
7.108392238616943,-6.943359375
7.12097954750061,-7.05322265625
7.133453845977783,-7.0751953125
7.145923376083374,-7.09716796875
7.158392429351807,-7.09716796875
7.170908212661743,-7.18505859375
7.183380842208862,-7.1630859375
7.19584846496582,-7.27294921875
7.208318710327148,-7.22900390625
7.220890522003174,-7.2509765625
7.2333643436431885,-7.31689453125
7.245837450027466,-7.36083984375
7.258305072784424,-8.8330078125
7.270817756652832,-7.470703125
7.283289432525635,-7.470703125
7.295756578445435,-7.49267578125
7.308226108551025,-7.5146484375
7.32075834274292,-7.6025390625
7.333230495452881,-7.6025390625
7.345699787139893,-7.6904296875
7.3581671714782715,-7.66845703125
7.370640277862549,-7.734375
7.3831095695495605,-7.734375
7.395575523376465,-7.80029296875
7.408045291900635,-7.822265625
7.4205162525177,-7.822265625
7.432987928390503,-7.84423828125
7.445458173751831,-7.88818359375
7.45792555809021,-7.91015625
7.4703967571258545,-7.9541015625
7.482865810394287,-8.0419921875
7.495332956314087,-8.0419921875
7.507803201675415,-8.10791015625
7.520275354385376,-8.10791015625
7.53274941444397,-8.2177734375
7.5452187061309814,-8.2177734375
7.557687044143677,-8.28369140625
7.570157527923584,-8.2177734375
7.582625389099121,-8.3056640625
7.595092535018921,-8.28369140625
7.607561349868774,-8.37158203125
7.6200337409973145,-8.3935546875
7.632505416870117,-8.45947265625
7.64497447013855,-8.50341796875
7.6574413776397705,-8.4814453125
7.669913053512573,-8.5693359375
7.682387828826904,-8.61328125
7.694856882095337,-8.6572265625
7.7073283195495605,-8.6572265625
7.719799280166626,-8.67919921875
7.732271432876587,-8.72314453125
7.74474024772644,-8.81103515625
7.757207870483398,-8.7890625
7.769725322723389,-10.2392578125
7.782200813293457,-8.876953125
7.794666767120361,-8.876953125
7.807137489318848,-8.9208984375
7.819693088531494,-8.98681640625
7.832167863845825,-8.98681640625
7.84463906288147,-9.03076171875
7.857159376144409,-9.11865234375
7.869710683822632,-9.11865234375
7.8821845054626465,-9.16259765625
7.894651174545288,-9.1845703125
7.907118797302246,-9.25048828125
7.9195897579193115,-9.2724609375
7.9320619106292725,-9.31640625
7.944532632827759,-9.31640625
7.957000255584717,-9.38232421875
7.969471454620361,-9.38232421875
7.981942653656006,-9.38232421875
7.994410991668701,-9.47021484375
8.00688123703003,-9.47021484375
8.019391059875488,-9.55810546875
8.031888008117676,-9.55810546875
8.044365167617798,-9.580078125
8.056836366653442,-9.66796875
8.069313049316406,-9.66796875
8.081784009933472,-9.755859375
8.094252824783325,-9.73388671875
8.106725454330444,-9.7119140625
8.119198560714722,-9.82177734375
8.13167119026184,-9.8876953125
8.144148826599121,-9.8876953125
8.156627416610718,-9.931640625
8.169103384017944,-9.90966796875
8.18157410621643,-9.95361328125
8.194042921066284,-9.99755859375
8.206515550613403,-10.0634765625
8.218990087509155,-10.0634765625
8.231463432312012,-10.12939453125
8.243938207626343,-10.107421875
8.256406307220459,-10.17333984375
8.268880844116211,-10.2392578125
8.281353235244751,-10.2392578125
8.293823003768921,-11.66748046875
8.306294679641724,-10.283203125
8.318767070770264,-10.34912109375
8.33124041557312,-10.37109375
8.343714237213135,-10.37109375
8.356184005737305,-10.39306640625
8.368657112121582,-10.458984375
8.381129264831543,-10.458984375
8.393600225448608,-10.52490234375
8.406070232391357,-10.5908203125
8.418579816818237,-10.56884765625
8.43105411529541,-10.65673828125
8.443528413772583,-10.5908203125
8.455999612808228,-10.70068359375
8.468470573425293,-10.72265625
8.481048583984375,-10.78857421875
8.493520498275757,-10.83251953125
8.505992650985718,-10.810546875
8.51846194267273,-10.87646484375
8.530979871749878,-10.92041015625
8.543455839157104,-10.96435546875
8.555929899215698,-10.986328125
8.568400382995605,-11.00830078125
8.58097243309021,-11.05224609375
8.593443155288696,-11.1181640625
8.605913162231445,-11.14013671875
8.618380308151245,-11.14013671875
8.630906820297241,-11.2060546875
8.643385410308838,-11.25
8.655854225158691,-11.18408203125
8.668328762054443,-11.2939453125
8.680898427963257,-11.31591796875
8.693370580673218,-11.3818359375
8.705843925476074,-11.3818359375
8.718317747116089,-11.42578125
8.730830430984497,-11.4697265625
8.743306636810303,-11.513671875
8.755775451660156,-11.513671875
8.768245458602905,-11.57958984375
8.780736446380615,-11.6015625
8.793208837509155,-11.57958984375
8.805680990219116,-11.62353515625
8.818150281906128,-13.07373046875
8.830622673034668,-11.7333984375
8.843102931976318,-11.75537109375
8.855600595474243,-11.79931640625
8.868079662322998,-11.84326171875
8.88055419921875,-11.8212890625
8.89303183555603,-11.9091796875
8.905502080917358,-11.9091796875
8.917971134185791,-11.9970703125
8.930450201034546,-11.97509765625
8.942927598953247,-12.041015625
8.955397844314575,-12.041015625
8.967870235443115,-12.06298828125
8.980346202850342,-12.10693359375
8.992819547653198,-12.19482421875
9.005292892456055,-12.216796875
9.017760992050171,-12.2607421875
9.030238389968872,-12.28271484375
9.042713165283203,-12.28271484375
9.055182695388794,-12.392578125
9.067654609680176,-12.41455078125
9.080127239227295,-12.392578125
9.092596054077148,-12.4365234375
9.105078220367432,-12.45849609375
9.117596864700317,-12.5244140625
9.130079746246338,-12.54638671875
9.142558574676514,-12.63427734375
9.155032396316528,-12.65625
9.167505025863647,-12.7001953125
9.179983615875244,-12.67822265625
9.192468404769897,-12.72216796875
9.204944610595703,-12.72216796875
9.217416763305664,-12.81005859375
9.229892492294312,-12.83203125
9.242368698120117,-12.85400390625
9.254839658737183,-12.89794921875
9.267312049865723,-12.9638671875
9.279783964157104,-12.9638671875
9.292255640029907,-12.94189453125
9.304726839065552,-12.98583984375
9.317197561264038,-13.07373046875
9.32975435256958,-14.4580078125
9.342232942581177,-13.11767578125
9.354703426361084,-13.1396484375
9.367173194885254,-13.2275390625
9.379681825637817,-13.2275390625
9.392150640487671,-13.24951171875
9.404622077941895,-13.271484375
9.417145729064941,-13.359375
9.42973256111145,-13.38134765625
9.442211151123047,-13.42529296875
9.454681873321533,-13.38134765625
9.467154502868652,-13.46923828125
9.479662656784058,-13.46923828125
9.492132902145386,-13.60107421875
9.504605293273926,-13.6669921875
9.517080307006836,-13.64501953125
9.529557228088379,-13.6669921875
9.542046308517456,-13.68896484375
9.554521322250366,-13.7109375
9.56699275970459,-13.77685546875
9.579468250274658,-13.798828125
9.591939449310303,-13.798828125
9.604411602020264,-13.86474609375
9.616883516311646,-13.88671875
9.629356384277344,-13.95263671875
9.641828060150146,-14.0185546875
9.654301643371582,-14.0185546875
9.666773319244385,-13.974609375
9.679245948791504,-13.95263671875
9.691717624664307,-13.99658203125
9.704191446304321,-13.88671875
9.716662168502808,-13.9306640625
9.72913646697998,-13.86474609375
9.741611957550049,-13.86474609375
9.754091262817383,-13.82080078125
9.766562938690186,-13.77685546875
9.77903437614441,-13.77685546875
9.79150676727295,-13.7548828125
9.80397915840149,-13.68896484375
9.816449642181396,-13.6669921875
9.828927516937256,-13.6669921875
9.841434717178345,-13.5791015625
9.853919267654419,-13.55712890625
9.86639952659607,-13.5791015625
9.878875255584717,-13.46923828125
9.891350030899048,-13.447265625
9.903822898864746,-13.38134765625
9.916293859481812,-13.4033203125
9.928768396377563,-13.33740234375
9.941243648529053,-13.29345703125
9.95372223854065,-13.3154296875
9.96619439125061,-13.24951171875
9.978666305541992,-13.16162109375
9.9911367893219,-13.2275390625
10.003606796264648,-11.75537109375
10.016079902648926,-13.07373046875
10.028653860092163,-13.0517578125
10.041191816329956,-13.02978515625
10.05367636680603,-13.02978515625
10.06615400314331,-12.9638671875
10.07863163948059,-12.8759765625
10.09110426902771,-12.8759765625
10.103577613830566,-12.8759765625
10.116052627563477,-12.81005859375
10.128526449203491,-12.76611328125
10.141098499298096,-12.76611328125
10.153572797775269,-12.744140625
10.166046142578125,-12.65625
10.178516149520874,-12.65625
10.191030740737915,-12.6123046875
10.203503370285034,-12.59033203125
10.215976476669312,-12.54638671875
10.228453397750854,-12.50244140625
10.241040468215942,-12.48046875
10.253518342971802,-12.4365234375
10.265992641448975,-12.392578125
10.278464794158936,-12.41455078125
10.290980339050293,-12.32666015625
10.303452968597412,-12.3046875
10.31592321395874,-12.2607421875
10.32839560508728,-12.2607421875
10.34096884727478,-12.19482421875
10.353445053100586,-12.19482421875
10.365917921066284,-12.12890625
10.37838625907898,-12.12890625
10.390897512435913,-12.06298828125
10.403369665145874,-11.9970703125
10.415838241577148,-12.01904296875
10.428308725357056,-12.01904296875
10.440876483917236,-11.93115234375
10.453352928161621,-11.88720703125
10.465824842453003,-11.865234375
10.478293895721436,-11.79931640625
10.490804195404053,-11.8212890625
10.503275156021118,-11.77734375
10.515744924545288,-10.34912109375
10.528213262557983,-11.66748046875
10.540796995162964,-11.6455078125
10.553274393081665,-11.5576171875
10.565746307373047,-11.5576171875
10.578216791152954,-11.513671875
10.590760231018066,-11.513671875
10.603230476379395,-11.513671875
10.615697383880615,-11.40380859375
10.62816858291626,-11.42578125
10.640669107437134,-11.337890625
10.653140544891357,-11.31591796875
10.66560959815979,-11.2939453125
10.678077220916748,-11.2939453125
10.690549612045288,-11.22802734375
10.703022956848145,-11.162109375
10.715497970581055,-11.18408203125
10.727972745895386,-11.09619140625
10.740476131439209,-11.07421875
10.752952575683594,-11.05224609375
10.765424728393555,-11.00830078125
10.777894973754883,-11.00830078125
10.790371179580688,-10.92041015625
10.80284833908081,-10.87646484375
10.815321683883667,-10.9423828125
10.827794551849365,-10.78857421875
10.840273380279541,-10.7666015625
10.852788925170898,-10.7666015625
10.865277767181396,-10.70068359375
10.877758026123047,-10.6787109375
10.890236616134644,-10.6787109375
10.9027099609375,-10.61279296875
10.915181875228882,-10.52490234375
10.92765474319458,-10.546875
10.940185785293579,-10.48095703125
10.952665328979492,-10.48095703125
10.965141773223877,-10.43701171875
10.97761583328247,-10.4150390625
10.990090608596802,-10.39306640625
11.002567052841187,-8.96484375
11.015036821365356,-10.2392578125
11.027509212493896,-10.2392578125
11.039983034133911,-10.26123046875
11.052458047866821,-10.17333984375
11.064936399459839,-10.1513671875
11.077413320541382,-10.12939453125
11.089887857437134,-10.107421875
11.102359294891357,-10.04150390625
11.114828824996948,-10.04150390625
11.127299785614014,-9.931640625
11.139773845672607,-9.95361328125
11.15224838256836,-9.90966796875
11.164726495742798,-9.90966796875
11.17719841003418,-9.82177734375
11.189720392227173,-9.7998046875
11.202191591262817,-9.77783203125
11.21466326713562,-9.68994140625
11.227137088775635,-9.73388671875
11.23964810371399,-9.66796875
11.252121686935425,-9.6240234375
11.264601945877075,-9.60205078125
11.277082920074463,-9.5361328125
11.289559602737427,-9.55810546875
11.30203366279602,-9.51416015625
11.314505815505981,-9.47021484375
11.326978921890259,-9.4482421875
11.339453935623169,-9.38232421875
11.351928949356079,-9.3603515625
11.364405393600464,-9.31640625
11.376873970031738,-9.25048828125
11.389348983764648,-9.228515625
11.40182089805603,-9.1845703125
11.414291143417358,-9.140625
11.426760196685791,-9.11865234375
11.439232587814331,-9.140625
11.451707363128662,-9.07470703125
11.464183330535889,-9.07470703125
11.476655721664429,-9.0087890625
11.489131450653076,-8.9208984375
11.501607894897461,-8.98681640625
11.51408576965332,-7.49267578125
11.526558876037598,-8.8330078125
11.5390305519104,-8.8330078125
11.551502704620361,-8.81103515625
11.563979387283325,-8.72314453125
11.57645058631897,-8.701171875
11.588921785354614,-8.67919921875
11.601393938064575,-8.61328125
11.613863945007324,-8.61328125
11.62633490562439,-8.59130859375
11.638808250427246,-8.525390625
11.651280403137207,-8.4814453125
11.663753747940063,-8.4375
11.67622447013855,-8.4375
11.688698768615723,-8.3935546875
11.701170682907104,-8.32763671875
11.71364140510559,-8.32763671875
11.726113557815552,-8.32763671875
11.7386155128479,-8.23974609375
11.751081943511963,-8.19580078125
11.763555526733398,-8.19580078125
11.776025533676147,-8.10791015625
11.788496017456055,-8.10791015625
11.801072597503662,-8.0419921875
11.813542366027832,-7.998046875
11.826011896133423,-7.97607421875
11.838485956192017,-7.97607421875
11.851001739501953,-7.91015625
11.863481998443604,-7.9541015625
11.875950813293457,-7.93212890625
11.888423204421997,-7.822265625
11.901005029678345,-7.80029296875
11.913477182388306,-7.7783203125
11.925948143005371,-7.7783203125
11.938416004180908,-7.646484375
11.950932502746582,-7.66845703125
11.963415145874023,-7.646484375
11.975884914398193,-7.55859375
11.9883553981781,-7.58056640625
12.000931739807129,-7.53662109375
12.01340651512146,-6.08642578125
12.025878667831421,-7.40478515625
12.038349390029907,-7.4267578125
12.050864219665527,-7.40478515625
12.063342332839966,-7.3388671875
12.075812816619873,-7.3388671875
12.088282823562622,-7.31689453125
12.100736856460571,-7.27294921875
12.113208055496216,-7.27294921875
12.12567949295044,-7.1630859375
12.138149976730347,-7.14111328125
12.150623083114624,-7.09716796875
12.163098096847534,-7.05322265625
12.17556881904602,-7.00927734375
12.188040018081665,-6.96533203125
12.20051121711731,-6.96533203125
12.212981224060059,-6.943359375
12.225452661514282,-6.87744140625
12.237918615341187,-6.85546875
12.250391960144043,-6.78955078125
12.262864828109741,-6.78955078125
12.275335788726807,-6.8115234375
12.28780722618103,-6.70166015625
12.300281286239624,-6.65771484375
12.312762975692749,-6.65771484375
12.325235843658447,-6.591796875
12.337702989578247,-6.5478515625
12.350178003311157,-6.56982421875
12.362653732299805,-6.52587890625
12.375122547149658,-6.52587890625
12.387593746185303,-6.48193359375
12.400066375732422,-6.416015625
12.412536144256592,-6.39404296875
12.425007820129395,-6.35009765625
12.437476634979248,-6.35009765625
12.449949026107788,-6.328125
12.462422132492065,-6.21826171875
12.47489333152771,-6.1962890625
12.487419843673706,-6.15234375
12.499898433685303,-6.15234375
12.51236867904663,-6.064453125
12.524841070175171,-4.68017578125
12.537312746047974,-5.95458984375
12.54978895187378,-5.9765625
12.562267541885376,-5.9326171875
12.574738025665283,-5.91064453125
12.587210655212402,-5.91064453125
12.599680185317993,-5.80078125
12.612152338027954,-5.7568359375
12.624625444412231,-5.82275390625
12.637096881866455,-5.712890625
12.649571418762207,-5.73486328125
12.662048101425171,-5.6689453125
12.67451810836792,-5.625
12.686986446380615,-5.55908203125
12.69946002960205,-5.5810546875
12.711931228637695,-5.51513671875
12.724408626556396,-5.47119140625
12.73688006401062,-5.44921875
12.749356269836426,-5.44921875
12.761833667755127,-5.33935546875
12.774308204650879,-5.3173828125
12.78678297996521,-5.33935546875
12.799263715744019,-5.2734375
12.811737060546875,-5.185546875
12.824207544326782,-5.25146484375
12.836678266525269,-5.16357421875
12.849163055419922,-5.11962890625
12.861678123474121,-5.16357421875
12.874163150787354,-5.09765625
12.88663935661316,-5.03173828125
12.899113416671753,-4.98779296875
12.911586284637451,-4.98779296875
12.924059629440308,-4.9658203125
12.93653154373169,-4.921875
12.949005365371704,-4.8779296875
12.961482763290405,-4.7900390625
12.973958492279053,-4.81201171875
12.986433267593384,-4.72412109375
12.998908281326294,-4.74609375
13.011381387710571,-4.658203125
13.023853302001953,-4.68017578125
13.036324501037598,-3.27392578125
13.04879903793335,-4.54833984375
13.061275720596313,-4.50439453125
13.073748111724854,-4.5263671875
13.086220026016235,-4.46044921875
13.098693370819092,-4.4384765625
13.111165523529053,-4.39453125
13.12363576889038,-4.37255859375
13.13610291481018,-4.3505859375
13.148683786392212,-4.28466796875
13.16115951538086,-4.24072265625
13.173630714416504,-4.21875
13.186099767684937,-4.21875
13.19860315322876,-4.10888671875
13.211073398590088,-4.130859375
13.223544597625732,-4.10888671875
13.236016511917114,-4.0869140625
13.248489141464233,-4.02099609375
13.26106572151184,-3.9990234375
13.273541927337646,-3.9111328125
13.286015748977661,-3.9111328125
13.298486709594727,-3.88916015625
13.310999631881714,-3.84521484375
13.323471069335938,-3.80126953125
13.335942506790161,-3.75732421875
13.348417282104492,-3.75732421875
13.361003637313843,-3.7353515625
13.373482942581177,-3.66943359375
13.38595724105835,-3.62548828125
13.398428201675415,-3.6474609375
13.410945653915405,-3.603515625
13.423418521881104,-3.5595703125
13.435891389846802,-3.4716796875
13.448363780975342,-3.49365234375
13.460934162139893,-3.44970703125
13.473411798477173,-3.36181640625
13.48588490486145,-3.31787109375
13.498355865478516,-3.3837890625
13.510939598083496,-3.27392578125
13.523417472839355,-3.251953125
13.535888671875,-1.845703125
13.54835820198059,-3.18603515625
13.560930013656616,-3.1201171875
13.573405027389526,-3.14208984375
13.585878133773804,-3.076171875
13.598348140716553,-3.0322265625
13.610864639282227,-3.01025390625
13.62333631515503,-2.98828125
13.635809421539307,-2.92236328125
13.648284196853638,-2.900390625
13.660767078399658,-2.8125
13.673239946365356,-2.87841796875
13.685715198516846,-2.79052734375
13.698183536529541,-2.8125
13.710657119750977,-2.724609375
13.723129272460938,-2.65869140625
13.735597848892212,-2.65869140625
13.74806833267212,-2.65869140625
13.760569095611572,-2.5927734375
13.77304458618164,-2.548828125
13.785516262054443,-2.5048828125
13.797985076904297,-2.4609375
13.810460090637207,-2.4169921875
13.822932004928589,-2.4169921875
13.835404634475708,-2.39501953125
13.847879409790039,-2.3291015625
13.860379934310913,-2.28515625
13.872851133346558,-2.28515625
13.885321617126465,-2.21923828125
13.89779019355774,-2.21923828125
13.910262823104858,-2.17529296875
13.922739028930664,-2.13134765625
13.935210227966309,-2.04345703125
13.947683334350586,-2.04345703125
13.960155963897705,-2.021484375
13.972626447677612,-1.9775390625
13.985097408294678,-1.95556640625
13.997568607330322,-1.93359375
14.010040044784546,-0.4833984375
14.022515058517456,-1.77978515625
14.034986972808838,-1.77978515625
14.047514915466309,-1.77978515625
14.05999207496643,-1.73583984375
14.072465181350708,-1.669921875
14.08493971824646,-1.669921875
14.09740948677063,-1.58203125
14.109880924224854,-1.58203125
14.122352838516235,-1.56005859375
14.13482403755188,-1.56005859375
14.147299766540527,-1.494140625
14.159777402877808,-1.4501953125
14.172251224517822,-1.42822265625
14.184727430343628,-1.3623046875
14.197197437286377,-1.34033203125
14.209720134735107,-1.318359375
14.222193956375122,-1.2744140625
14.234663963317871,-1.23046875
14.247133255004883,-1.23046875
14.259645223617554,-1.1865234375
14.272119998931885,-1.142578125
14.284595489501953,-1.07666015625
14.297066450119019,-1.142578125
14.309539556503296,-1.0546875
14.32201099395752,-0.966796875
14.334481000900269,-0.9228515625
14.346955060958862,-0.9228515625
14.359429359436035,-0.87890625
14.37190294265747,-0.85693359375
14.384384155273438,-0.81298828125
14.396866083145142,-0.791015625
14.409345865249634,-0.68115234375
14.421823024749756,-0.7470703125
14.434296369552612,-0.6591796875
14.446768760681152,-0.615234375
14.45924162864685,-0.5712890625
14.471714973449707,-0.54931640625
14.484191417694092,-0.52734375
14.496662378311157,-0.46142578125
14.509136199951172,-0.46142578125
14.52160930633545,0.966796875
14.534078359603882,-0.37353515625
14.546549081802368,-0.3955078125
14.559027194976807,-0.32958984375
14.5715012550354,-0.3076171875
14.58397650718689,-0.24169921875
14.596446752548218,-0.17578125
14.608922243118286,-0.19775390625
14.621396541595459,-0.15380859375
14.633867979049683,-0.1318359375
14.64634108543396,-0.10986328125
14.6588134765625,-0.087890625
14.67128610610962,-0.06591796875
14.683762073516846,0.02197265625
14.69623327255249,0.06591796875
14.708706617355347,0.1318359375
14.721179485321045,0.087890625
14.733650207519531,0.17578125
14.74612045288086,0.2197265625
14.758613348007202,0.2197265625
14.771086692810059,0.263671875
14.783564329147339,0.3076171875
14.796035289764404,0.3076171875
14.808509588241577,0.3955078125
14.821085929870605,0.3955078125
14.833561658859253,0.3955078125
14.84607195854187,0.52734375
14.858605146408081,0.52734375
14.871113777160645,0.59326171875
14.883600950241089,0.63720703125
14.896077156066895,0.615234375
14.908645868301392,0.63720703125
14.921126127243042,0.68115234375
14.933602809906006,0.76904296875
14.946078538894653,0.72509765625
14.958591222763062,0.76904296875
14.97106671333313,0.85693359375
14.983544111251831,0.87890625
14.996017456054688,0.90087890625
15.008493423461914,0.9228515625
15.021081924438477,2.35107421875
15.03355598449707,1.0107421875
15.04604959487915,1.03271484375
15.058615922927856,1.0546875
15.071100234985352,1.0986328125
15.083582878112793,1.1865234375
15.096056699752808,1.16455078125
15.108628511428833,1.25244140625
15.121108531951904,1.25244140625
15.133581638336182,1.2744140625
15.146052598953247,1.2744140625
15.158522844314575,1.38427734375
15.171043157577515,1.40625
15.183522462844849,1.42822265625
15.195995330810547,1.47216796875
15.20847487449646,1.494140625
15.221054077148438,1.51611328125
15.233527660369873,1.56005859375
15.246001720428467,1.56005859375
15.258474349975586,1.64794921875
15.270995140075684,1.69189453125
15.283471822738647,1.7138671875
15.295942544937134,1.73583984375
15.308415412902832,1.7578125
15.32098937034607,1.73583984375
15.333460569381714,1.82373046875
15.345931768417358,1.86767578125
15.35840106010437,1.93359375
15.370919704437256,1.95556640625
15.383397340774536,2.021484375
15.395867586135864,1.99951171875
15.408340454101562,2.04345703125
15.420918226242065,2.0654296875
15.433400630950928,2.13134765625
15.445876121520996,2.1533203125
15.458348512649536,2.1533203125
15.47087574005127,2.21923828125
15.483354806900024,2.21923828125
15.495826482772827,2.26318359375
15.508298873901367,2.30712890625
15.52085566520691,2.30712890625
15.533331155776978,3.779296875
15.545804500579834,2.4609375
15.558273077011108,2.4609375
15.570810556411743,2.4609375
15.583284378051758,2.52685546875
15.59575343132019,2.548828125
15.608225345611572,2.61474609375
15.620727777481079,2.61474609375
15.633198976516724,2.6806640625
15.645726919174194,2.6806640625
15.658199310302734,2.724609375
15.670799732208252,2.74658203125
15.683278799057007,2.8125
15.695748567581177,2.8125
15.708218812942505,2.83447265625
15.720721960067749,2.92236328125
15.733193397521973,2.92236328125
15.745665550231934,2.96630859375
15.758133888244629,3.076171875
15.770634651184082,2.98828125
15.783107995986938,3.05419921875
15.79557466506958,3.076171875
15.808043956756592,3.14208984375
15.820513010025024,3.14208984375
15.832984447479248,3.2080078125
15.84545612335205,3.18603515625
15.857924222946167,3.251953125
15.870425701141357,3.31787109375
15.882901430130005,3.3837890625
15.895371198654175,3.3837890625
15.907842636108398,3.3837890625
15.920310974121094,3.3837890625
15.932782411575317,3.49365234375
15.945253849029541,3.515625
15.957723379135132,3.58154296875
15.970195531845093,3.5595703125
15.982669830322266,3.5595703125
15.995147228240967,3.62548828125
16.00761842727661,3.66943359375
16.02008819580078,3.71337890625
16.03256058692932,3.75732421875
16.045029163360596,5.16357421875
16.05749821662903,3.8232421875
16.069970846176147,3.84521484375
16.08244228363037,3.88916015625
16.094910860061646,3.955078125
16.107379913330078,3.955078125
16.119849920272827,3.955078125
16.1323184967041,4.04296875
16.144787311553955,4.06494140625
16.157257795333862,4.10888671875
16.169723510742188,4.130859375
16.182194709777832,4.130859375
16.19466471672058,4.19677734375
16.20713496208191,4.2626953125
16.219643354415894,4.2626953125
16.23211431503296,4.28466796875
16.244584560394287,4.306640625
16.257052183151245,4.32861328125
16.269522428512573,4.39453125
16.281991243362427,4.4384765625
16.294461488723755,4.46044921875
16.30693221092224,4.50439453125
16.31940221786499,4.5263671875
16.33186912536621,4.5703125
16.344337940216064,4.59228515625
16.35680842399597,4.59228515625
16.369280338287354,4.658203125
16.381751537322998,4.7021484375
16.39422369003296,4.76806640625
16.40669083595276,4.72412109375
16.41916036605835,4.7900390625
16.43162727355957,4.85595703125
16.444095611572266,4.85595703125
16.45656394958496,4.85595703125
16.46903896331787,4.89990234375
16.481515884399414,4.98779296875
16.49398970603943,4.98779296875
16.50646209716797,5.009765625
16.518932819366455,5.009765625
16.53140115737915,5.11962890625
16.5438711643219,5.1416015625
16.55634117126465,5.16357421875
16.568811893463135,6.591796875
16.581281423568726,5.25146484375
16.59375262260437,5.2734375
16.606223106384277,5.3173828125
16.618694067001343,5.361328125
16.631166458129883,5.4052734375
16.64363670349121,5.42724609375
16.656105995178223,5.4052734375
16.66865611076355,5.4931640625
16.6811261177063,5.51513671875
16.693596601486206,5.55908203125
16.70606803894043,5.55908203125
16.718575954437256,5.5810546875
16.731046199798584,5.60302734375
16.743515729904175,5.6689453125
16.755982875823975,5.69091796875
16.768453121185303,5.7568359375
16.78102731704712,5.80078125
16.793498754501343,5.77880859375
16.805971384048462,5.80078125
16.81843900680542,5.8447265625
16.830952882766724,5.888671875
16.843422174453735,5.95458984375
16.855897903442383,5.99853515625
16.86840009689331,5.99853515625
16.880977630615234,5.99853515625
16.893454790115356,6.1083984375
16.90592670440674,6.1083984375
16.918393850326538,6.15234375
16.930908918380737,6.17431640625
16.94338846206665,6.21826171875
16.955865621566772,6.240234375
16.968339920043945,6.26220703125
16.980913639068604,6.30615234375
16.993390560150146,6.35009765625
17.005862951278687,6.39404296875
17.01833176612854,6.3720703125
17.030847549438477,6.43798828125
17.043325901031494,6.4599609375
17.055798292160034,6.5478515625
17.068270683288574,6.56982421875
17.080769538879395,7.97607421875
17.093244791030884,6.6357421875
17.105716228485107,6.6796875
17.1181857585907,6.6796875
17.13066029548645,6.78955078125
17.143134832382202,6.74560546875
17.155605792999268,6.78955078125
17.16807770729065,6.87744140625
17.180579900741577,6.85546875
17.1930513381958,6.92138671875
17.205520391464233,6.943359375
17.21798849105835,6.9873046875
17.230458736419678,7.00927734375
17.2429301738739,7.05322265625
17.255455255508423,7.09716796875
17.26793074607849,7.0751953125
17.28043484687805,7.119140625
17.2929105758667,7.119140625
17.30538249015808,7.18505859375
17.31785249710083,7.22900390625
17.330326795578003,7.22900390625
17.342799186706543,7.27294921875
17.355268239974976,7.3828125
17.367735147476196,7.31689453125
17.380205631256104,7.44873046875
17.392677068710327,7.44873046875
17.405151844024658,7.44873046875
17.41763162612915,7.49267578125
17.43016743659973,7.58056640625
17.442655324935913,7.53662109375
17.455140590667725,7.58056640625
17.467642545700073,7.6025390625
17.480124473571777,7.6904296875
17.492608785629272,7.6904296875
17.505093812942505,7.75634765625
17.517578125,7.822265625
17.530052423477173,7.80029296875
17.542526960372925,7.8662109375
17.554998874664307,7.91015625
17.567469358444214,7.88818359375
17.579946041107178,7.9541015625
17.59241771697998,7.97607421875
17.60488986968994,9.404296875
17.617358207702637,8.06396484375
17.629831314086914,8.10791015625
17.64230251312256,8.10791015625
17.654771327972412,8.173828125
17.667243719100952,8.19580078125
17.679718255996704,8.23974609375
17.692189693450928,8.2177734375
17.704659938812256,8.32763671875
17.7171311378479,8.3935546875
17.729636430740356,8.37158203125
17.742111444473267,8.3935546875
17.754583835601807,8.4814453125
17.76705503463745,8.4814453125
17.779528856277466,8.525390625
17.791998147964478,8.54736328125
17.804471492767334,8.5693359375
17.81693959236145,8.61328125
17.82941246032715,8.61328125
17.841881036758423,8.63525390625
17.85435128211975,8.67919921875
17.866820573806763,8.701171875
17.879297494888306,8.76708984375
17.89177107810974,8.81103515625
17.904240608215332,8.8330078125
17.91671109199524,8.876953125
17.929185390472412,8.89892578125
17.9416561126709,8.94287109375
17.954126119613647,8.94287109375
17.966597080230713,9.0087890625
17.97906804084778,9.0966796875
17.991536140441895,9.0966796875
18.004008054733276,9.07470703125
18.016478061676025,9.16259765625
18.02894926071167,9.140625
18.04142189025879,9.16259765625
18.05389142036438,9.228515625
18.066359996795654,9.228515625
18.078838348388672,9.2724609375
18.091313123703003,9.33837890625
18.103785037994385,10.78857421875
18.116254329681396,9.47021484375
18.128727912902832,9.42626953125
18.141201972961426,9.4482421875
18.153672695159912,9.4921875
18.166143894195557,9.5361328125
18.178614139556885,9.55810546875
18.191083908081055,9.55810546875
18.203556537628174,9.64599609375
18.21602725982666,9.755859375
18.22849726676941,9.68994140625
18.241003036499023,9.73388671875
18.25347352027893,9.755859375
18.265945434570312,9.7998046875
18.27841544151306,9.90966796875
18.290929555892944,9.90966796875
18.30340027809143,9.90966796875
18.315868139266968,9.9755859375
18.328338146209717,9.95361328125
18.340842962265015,10.01953125
18.353315353393555,10.0634765625
18.3657865524292,10.12939453125
18.37825608253479,10.12939453125
18.3907310962677,10.17333984375
18.40320587158203,10.21728515625
18.4156756401062,10.21728515625
18.42814612388611,10.2392578125
18.440616846084595,10.3271484375
18.453087091445923,10.3271484375
18.465558290481567,10.39306640625
18.478026628494263,10.43701171875
18.490501403808594,10.39306640625
18.502973318099976,10.43701171875
18.51544189453125,10.52490234375
18.527911901474,10.546875
18.540386199951172,10.56884765625
18.55287003517151,10.634765625
18.56534433364868,10.634765625
18.57781457901001,10.6787109375
18.590285301208496,10.6787109375
18.602757215499878,10.72265625
18.61522626876831,12.216796875
18.627694606781006,10.83251953125
18.640167713165283,9.4482421875
18.652640342712402,12.216796875
18.665110111236572,10.8984375
18.67758083343506,10.92041015625
18.69005298614502,11.05224609375
18.702522039413452,11.05224609375
18.71499276161194,11.07421875
18.72746253013611,11.07421875
18.739931106567383,11.05224609375
18.75240206718445,11.14013671875
18.76487135887146,11.18408203125
18.777342081069946,11.162109375
18.78981328010559,11.2939453125
18.802283763885498,11.27197265625
18.81475305557251,11.337890625
18.827224016189575,11.35986328125
18.83969736099243,11.35986328125
18.852257251739502,11.35986328125
18.86476731300354,11.4697265625
18.87724804878235,11.4697265625
18.889728546142578,11.5576171875
18.90220594406128,11.5576171875
18.914679050445557,11.62353515625
18.927152395248413,11.62353515625
18.93966293334961,11.7333984375
18.95213556289673,11.71142578125
18.96461009979248,11.71142578125
18.977081298828125,11.75537109375
18.989558219909668,11.79931640625
19.002033472061157,11.865234375
19.01450753211975,11.865234375
19.026980876922607,11.865234375
19.039453983306885,11.9091796875
19.0519380569458,11.97509765625
19.064417600631714,11.97509765625
19.076891660690308,12.01904296875
19.089369297027588,12.01904296875
19.101852893829346,12.06298828125
19.114330768585205,12.1728515625
19.126805305480957,12.15087890625
19.13928198814392,12.1728515625
19.1517550945282,13.623046875
19.16422748565674,12.2607421875
19.176698446273804,12.3046875
19.189175128936768,12.3486328125
19.201658010482788,12.37060546875
19.2141330242157,12.392578125
19.226603984832764,12.48046875
19.23908233642578,12.50244140625
19.25155520439148,12.5244140625
19.264029026031494,12.5244140625
19.2764995098114,12.568359375
19.28897523880005,12.63427734375
19.301453590393066,12.63427734375
19.31392526626587,12.63427734375
19.326399087905884,12.67822265625
19.338873863220215,12.72216796875
19.351346731185913,12.744140625
19.363820552825928,12.7880859375
19.376293659210205,12.83203125
19.38877010345459,12.85400390625
19.401245832443237,12.94189453125
19.413716316223145,12.9638671875
19.42619013786316,12.9638671875
19.438664197921753,13.0078125
19.451136589050293,13.0517578125
19.463610887527466,13.11767578125
19.476083278656006,13.16162109375
19.488662004470825,13.18359375
19.50113606452942,13.18359375
19.513609170913696,13.24951171875
19.526083946228027,13.3154296875
19.538593292236328,13.3154296875
19.551077127456665,13.359375
19.563552141189575,13.4033203125
19.57602334022522,13.42529296875
19.58850121498108,13.447265625
19.60107398033142,13.447265625
19.61355233192444,13.46923828125
19.626025915145874,13.53515625
19.638500213623047,13.5791015625
19.65101933479309,13.60107421875
19.663495540618896,13.60107421875
19.675966262817383,13.623046875
19.68843698501587,13.53515625
19.701049089431763,13.53515625
19.71352529525757,13.4912109375
19.72599959373474,13.447265625
19.73847270011902,13.4033203125
19.75098991394043,13.4033203125
19.763461589813232,13.3154296875
19.775933742523193,13.3154296875
19.78840684890747,13.271484375
19.801013231277466,13.20556640625
19.813491344451904,13.16162109375
19.82596731185913,13.18359375
19.838443994522095,13.1396484375
19.85099720954895,13.095703125
19.863482236862183,13.07373046875
19.87595820426941,13.02978515625
19.888436555862427,13.0078125
19.901057243347168,12.9638671875
19.913535833358765,12.83203125
19.926010131835938,12.919921875
19.938483953475952,12.85400390625
19.9510018825531,12.7880859375
19.963478088378906,12.744140625
19.975951433181763,12.72216796875
19.988428115844727,12.7001953125
20.001044511795044,12.7001953125
20.013521432876587,12.59033203125
20.026000261306763,12.59033203125
20.038472890853882,12.568359375
20.051018953323364,12.50244140625
20.06355857849121,12.50244140625
20.07604146003723,12.41455078125
20.088523626327515,12.392578125
20.101141452789307,12.37060546875
20.113622903823853,12.37060546875
20.126100540161133,10.8984375
20.13861322402954,13.623046875
20.151132345199585,10.83251953125
20.163613080978394,12.1728515625
20.176085710525513,12.15087890625
20.188637495040894,12.15087890625
20.201115608215332,12.06298828125
20.213592052459717,12.0849609375
20.226070642471313,12.01904296875
20.23858118057251,11.9970703125
20.251054525375366,11.9091796875
20.263526678085327,11.9091796875
20.276053190231323,11.88720703125
20.288655042648315,11.88720703125
20.301231384277344,11.8212890625
20.313753128051758,11.8212890625
20.326263666152954,11.7333984375
20.338765144348145,11.7333984375
20.351260900497437,11.71142578125
20.36375379562378,11.66748046875
20.376244068145752,11.6015625
20.388736724853516,11.5576171875
20.40122675895691,11.57958984375
20.41371512413025,11.4697265625
20.4262638092041,11.4697265625
20.43875789642334,11.44775390625
20.451242685317993,11.42578125
20.463724374771118,11.337890625
20.4762065410614,11.35986328125
20.48869037628174,11.2939453125
20.501173496246338,11.27197265625
20.513659715652466,11.25
20.52614164352417,11.18408203125
20.538625478744507,11.14013671875
20.551173210144043,11.0302734375
20.56365656852722,11.07421875
20.57613730430603,11.0302734375
20.588621377944946,10.986328125
20.601102113723755,10.986328125
20.61358618736267,10.92041015625
20.62606954574585,10.8984375
20.63858675956726,10.87646484375
20.65107035636902,9.42626953125
20.663551330566406,10.78857421875
20.67603302001953,10.74462890625
20.688511610031128,10.72265625
20.701035261154175,10.6787109375
20.713520526885986,10.61279296875
20.726001977920532,10.634765625
20.738481521606445,10.5908203125
20.75099802017212,10.56884765625
20.763479948043823,10.5029296875
20.775959253311157,10.546875
20.788434982299805,10.458984375
20.800959587097168,10.4150390625
20.81344437599182,10.39306640625
20.82592225074768,10.37109375
20.838399410247803,10.3271484375
20.850920915603638,10.2392578125
20.86344027519226,10.26123046875
20.875929594039917,10.21728515625
20.88841152191162,10.21728515625
20.900938510894775,10.12939453125
20.91342520713806,10.1513671875
20.925905227661133,10.08544921875
20.93838596343994,10.04150390625
20.950904846191406,10.04150390625
20.963385343551636,10.01953125
20.975866556167603,9.931640625
20.98834538459778,9.931640625
21.000868797302246,9.90966796875
21.013354301452637,9.84375
21.025831937789917,9.7998046875
21.03831171989441,9.755859375
21.050825119018555,9.73388671875
21.06330418586731,9.68994140625
21.075782775878906,9.68994140625
21.088261365890503,9.60205078125
21.1008517742157,9.60205078125
21.113348960876465,9.580078125
21.12583303451538,9.51416015625
21.13831639289856,9.4921875
21.150832653045654,9.4482421875
21.163315057754517,8.0419921875
21.17579436302185,9.3603515625
21.18827247619629,9.3603515625
21.200733423233032,9.31640625
21.21321439743042,9.33837890625
21.22569227218628,9.2724609375
21.238171577453613,9.25048828125
21.25065588951111,9.20654296875
21.26313328742981,9.140625
21.275611639022827,9.16259765625
21.288090229034424,9.052734375
21.300570487976074,9.07470703125
21.313051462173462,9.03076171875
21.32552933692932,8.96484375
21.338005781173706,8.98681640625
21.35048794746399,8.9208984375
21.362964153289795,8.9208984375
21.37544345855713,8.876953125
21.38792133331299,8.8330078125
21.40040159225464,8.81103515625
21.412879705429077,8.7451171875
21.42535400390625,8.6572265625
21.437835216522217,8.67919921875
21.450315237045288,8.6572265625
21.462794542312622,8.61328125
21.475273847579956,8.59130859375
21.48775315284729,8.54736328125
21.500235080718994,8.50341796875
21.512714624404907,8.50341796875
21.525193452835083,8.4375
21.53767156600952,8.3935546875
21.550151348114014,8.37158203125
21.562628984451294,8.349609375
21.575107097625732,8.26171875
21.587584495544434,8.3056640625
21.600064516067505,8.23974609375
21.61254382133484,8.2177734375
21.625019788742065,8.19580078125
21.637496948242188,8.15185546875
21.649978637695312,8.0859375
21.66245722770691,8.10791015625
21.67493772506714,6.6796875
21.687411785125732,9.404296875
21.699889421463013,6.61376953125
21.712368488311768,7.88818359375
21.72484517097473,7.8662109375
21.737319946289062,7.88818359375
21.749799489974976,7.84423828125
21.762282371520996,7.80029296875
21.774760007858276,7.71240234375
21.787235975265503,7.66845703125
21.799716472625732,7.7783203125
21.81219482421875,7.66845703125
21.824667930603027,7.6025390625
21.83714485168457,7.55859375
21.849658966064453,7.5146484375
21.86213731765747,7.49267578125
21.87461233139038,7.44873046875
21.88708734512329,7.44873046875
21.899564504623413,7.36083984375
21.91205382347107,7.40478515625
21.92452883720398,7.36083984375
21.93700361251831,7.31689453125
21.949481964111328,7.2509765625
21.961958408355713,7.22900390625
21.974437713623047,7.20703125
21.98691415786743,7.22900390625
21.99939274787903,7.119140625
22.01186990737915,7.0751953125
22.024344444274902,7.09716796875
22.03687834739685,7.00927734375
22.049360752105713,6.96533203125
22.061838388442993,6.943359375
22.07431435585022,6.96533203125
22.086791276931763,6.92138671875
22.099271059036255,6.87744140625
22.111748456954956,6.83349609375
22.124226570129395,6.8115234375
22.136703968048096,6.78955078125
22.14918327331543,6.78955078125
22.161659479141235,6.7236328125
22.17413640022278,6.70166015625
22.186610221862793,5.2294921875
22.199086904525757,6.591796875
22.211561679840088,6.5478515625
22.22403621673584,6.52587890625
22.236513137817383,6.50390625
22.248990297317505,6.50390625
22.261465549468994,6.416015625
22.273939609527588,6.416015625
22.28641438484192,6.328125
22.298892498016357,6.328125
22.31136918067932,6.30615234375
22.323845386505127,6.1962890625
22.33632206916809,6.1962890625
22.34880018234253,6.17431640625
22.36127805709839,6.17431640625
22.373757362365723,6.1083984375
22.386234045028687,6.08642578125
22.398715496063232,5.99853515625
22.411191701889038,6.0205078125
22.42366623878479,6.0205078125
22.436142683029175,5.9326171875
22.448620796203613,5.91064453125
22.461094617843628,5.91064453125
22.473573207855225,5.82275390625
22.48604965209961,5.80078125
22.498526334762573,5.82275390625
22.511042594909668,5.7568359375
22.523518800735474,5.73486328125
22.535996437072754,5.6689453125
22.548474073410034,5.64697265625
22.56099820137024,5.64697265625
22.573474168777466,5.55908203125
22.585949659347534,5.60302734375
22.598428964614868,5.55908203125
22.610946893692017,5.44921875
22.62342357635498,5.42724609375
22.635900497436523,5.42724609375
22.648377656936646,5.38330078125
22.66089367866516,5.33935546875
22.673372507095337,5.3173828125
22.685847520828247,5.3173828125
22.698323249816895,5.25146484375
22.710838079452515,5.2294921875
22.723326683044434,3.80126953125
22.735808610916138,5.1416015625
22.748284339904785,5.1416015625
22.76079750061035,5.07568359375
22.773277282714844,5.09765625
22.785754919052124,5.009765625
22.79823327064514,4.9658203125
22.810738563537598,4.94384765625
22.823221445083618,4.89990234375
22.83570122718811,4.833984375
22.8481764793396,4.833984375
22.860663890838623,4.81201171875
22.87318229675293,4.76806640625
22.885664701461792,4.72412109375
22.898150205612183,4.68017578125
22.910635471343994,4.7021484375
22.923120975494385,4.63623046875
22.935600519180298,4.5703125
22.948078155517578,4.5263671875
22.960561513900757,4.5263671875
22.973043203353882,4.482421875
22.98552417755127,4.482421875
22.998002767562866,4.46044921875
23.01048493385315,4.37255859375
23.022968530654907,4.39453125
23.03544807434082,4.32861328125
23.047926902770996,4.2626953125
23.060409545898438,4.28466796875
23.072890043258667,4.306640625
23.085368633270264,4.21875
23.097843647003174,4.130859375
23.11032223701477,4.130859375
23.122801303863525,4.0869140625
23.13528060913086,3.9990234375
23.147757291793823,4.06494140625
23.16024088859558,3.9990234375
23.172720909118652,3.955078125
23.1852023601532,3.93310546875
23.197691202163696,3.93310546875
23.210177659988403,3.8671875
23.2226619720459,2.39501953125
23.235143899917603,3.779296875
23.247623920440674,3.75732421875
23.260104656219482,3.69140625
23.27258849143982,3.6474609375
23.285064935684204,3.6474609375
23.29754638671875,3.603515625
23.310028076171875,3.58154296875
23.322513103485107,3.515625
23.33499240875244,3.515625
23.347469329833984,3.4716796875
23.359951496124268,3.427734375
23.37242889404297,3.44970703125
23.38490629196167,3.31787109375
23.397385358810425,3.33984375
23.40986466407776,3.31787109375
23.422346353530884,3.251953125
23.434827089309692,3.2080078125
23.447304010391235,3.18603515625
23.459781885147095,3.18603515625
23.47226071357727,3.09814453125
23.484737396240234,3.09814453125
23.497214794158936,3.076171875
23.509695053100586,3.076171875
23.52217721939087,2.96630859375
23.5346577167511,2.96630859375
23.547134399414062,2.92236328125
23.55971121788025,2.900390625
23.572195291519165,2.87841796875
23.584675073623657,2.900390625
23.597154140472412,2.83447265625
23.609668493270874,2.7685546875
23.622150421142578,2.7685546875
23.634629249572754,2.70263671875
23.64716339111328,2.65869140625
23.65971541404724,2.63671875
23.672197103500366,2.52685546875
23.684677839279175,2.5927734375
23.69715905189514,2.4609375
23.709670782089233,2.48291015625
23.722153425216675,2.4609375
23.73463273048401,2.4169921875
23.747111320495605,0.98876953125
23.759602785110474,2.35107421875
23.77208709716797,2.26318359375
23.784563779830933,2.2412109375
23.797041177749634,2.26318359375
23.809523582458496,2.21923828125
23.822006225585938,2.1533203125
23.834485054016113,2.08740234375
23.846962213516235,2.109375
23.85944366455078,2.0654296875
23.871922731399536,2.021484375
23.884398937225342,2.04345703125
23.896878480911255,1.9775390625
23.909355878829956,1.9775390625
23.921838521957397,1.8896484375
23.93431544303894,1.91162109375
23.946789503097534,1.77978515625
23.959270000457764,1.77978515625
23.97174882888794,1.7138671875
23.984224319458008,1.73583984375
23.9967041015625,1.669921875
24.009183883666992,1.669921875
24.021664142608643,1.6259765625
24.034141302108765,1.56005859375
24.0466206073761,1.58203125
24.05909824371338,1.51611328125
24.07157611846924,1.47216796875
24.084051847457886,1.47216796875
24.09652876853943,1.40625
24.109004735946655,1.40625
24.1214861869812,1.34033203125
24.133964776992798,1.34033203125
24.146440744400024,1.25244140625
24.158923149108887,1.20849609375
24.171401739120483,1.23046875
24.18387722969055,1.1865234375
24.19635510444641,1.16455078125
24.208833694458008,1.07666015625
24.22131896018982,1.07666015625
24.233803749084473,1.03271484375
24.246282815933228,1.0107421875
24.258766174316406,-0.37353515625
24.27124810218811,0.966796875
24.28372287750244,0.90087890625
24.29620337486267,0.9228515625
24.308709621429443,0.85693359375
24.321197509765625,0.81298828125
24.333677768707275,0.76904296875
24.346155405044556,0.68115234375
24.35863709449768,0.703125
24.371116399765015,0.63720703125
24.3835928440094,0.615234375
24.39607000350952,0.63720703125
24.408609628677368,0.52734375
24.421091318130493,0.4833984375
24.433571338653564,0.52734375
24.44604754447937,0.439453125
24.45852494239807,0.3955078125
24.471104621887207,0.3515625
24.483582735061646,0.28564453125
24.496062517166138,0.3076171875
24.50863814353943,0.24169921875
24.5211923122406,0.24169921875
24.533699989318848,0.24169921875
24.54619836807251,0.15380859375
24.5586941242218,0.15380859375
24.571187019348145,0.087890625
24.583677053451538,0.06591796875
24.596168041229248,0.0
24.60865020751953,-0.06591796875
24.62113881111145,-0.0439453125
24.63362717628479,-0.10986328125
24.646113395690918,-0.087890625
24.658604383468628,-0.1318359375
24.671092987060547,-0.15380859375
24.683576107025146,-0.17578125
24.69606041908264,-0.1318359375
24.70862340927124,-0.1318359375
24.72111463546753,-0.10986328125
24.733601331710815,-0.06591796875
24.746084690093994,-0.17578125
24.758592128753662,-0.1318359375
24.771074295043945,-0.1318359375
24.783555507659912,-0.17578125
24.796043872833252,-0.1318359375
24.80852699279785,-0.10986328125
24.821099042892456,-0.15380859375
24.83395767211914,-0.15380859375
24.846493005752563,-0.17578125
24.858996629714966,-0.10986328125
24.87151575088501,-0.1318359375
24.884006023406982,-0.1318359375
24.896493911743164,-0.15380859375
24.908984422683716,-0.15380859375
24.921468257904053,-0.1318359375
24.933955907821655,-0.10986328125
24.946439743041992,-0.1318359375
24.958930015563965,-0.15380859375
24.971415519714355,-0.1318359375
24.98389768600464,-0.15380859375
24.996381282806396,-0.1318359375
25.008865118026733,-0.17578125
